{
  "last_event_id": 265167,
  "trained_at": "2025-11-23T02:10:21.681706+00:00",
  "total_events": 265167,
  "total_sessions": 46318,
  "metrics": {
    "train_loss": 0.024484080593663686,
    "test_loss": 0.0011764482557270173,
    "threshold": 0.0013201034627854822
  }
}