{
  "last_event_id": 62747,
  "trained_at": "2025-11-17T18:20:30.752556+00:00",
  "total_events": 62747,
  "total_sessions": 11056,
  "metrics": {
    "train_loss": 0.001609724437418793,
    "test_loss": 0.0015318460840110977,
    "threshold": 0.0025346448644995687
  }
}