{
  "last_event_id": 62747,
  "trained_at": "2025-11-20T21:58:45.198294+00:00",
  "total_events": 62747,
  "total_sessions": 11056,
  "metrics": {
    "train_loss": 0.0023536477969693286,
    "test_loss": 0.0020871255546808243,
    "threshold": 0.003422927483916282
  }
}